-- phpMyAdmin SQL Dump
-- version 5.0.3
-- https://www.phpmyadmin.net/
--
-- Хост: 127.0.0.1
-- Время создания: Июн 17 2021 г., 11:24
-- Версия сервера: 10.4.14-MariaDB
-- Версия PHP: 7.3.23

SET SQL_MODE = "NO_AUTO_VALUE_ON_ZERO";
START TRANSACTION;
SET time_zone = "+00:00";


/*!40101 SET @OLD_CHARACTER_SET_CLIENT=@@CHARACTER_SET_CLIENT */;
/*!40101 SET @OLD_CHARACTER_SET_RESULTS=@@CHARACTER_SET_RESULTS */;
/*!40101 SET @OLD_COLLATION_CONNECTION=@@COLLATION_CONNECTION */;
/*!40101 SET NAMES utf8mb4 */;

--
-- База данных: `airline2`
--

-- --------------------------------------------------------

--
-- Структура таблицы `airplane`
--

CREATE TABLE `airplane` (
  `ID` varchar(10) NOT NULL,
  `type` varchar(10) NOT NULL,
  `company` varchar(20) NOT NULL
) ENGINE=InnoDB DEFAULT CHARSET=latin1;

--
-- Дамп данных таблицы `airplane`
--

INSERT INTO `airplane` (`ID`, `type`, `company`) VALUES
('1170', 'B738', 'Boeing'),
('1201', 'A320', 'Airbus');

-- --------------------------------------------------------

--
-- Структура таблицы `airport`
--

CREATE TABLE `airport` (
  `code` varchar(10) NOT NULL,
  `name` varchar(50) NOT NULL,
  `city` varchar(20) NOT NULL,
  `state` varchar(20) NOT NULL,
  `country` varchar(20) NOT NULL
) ENGINE=InnoDB DEFAULT CHARSET=latin1;

--
-- Дамп данных таблицы `airport`
--

INSERT INTO `airport` (`code`, `name`, `city`, `state`, `country`) VALUES
('ALA', 'Almaty international Airport', 'Almaty', 'Almaty', 'Kazakhstan'),
('CIT', 'Shymkent Airport', 'Shymkent', 'VKO', 'Kazakhstan'),
('GUW', 'Atyrau International Airport', 'Atyrau', 'Mangystauskaya', 'Kazakhstan'),
('KGB', 'Karaganda International Airport', 'Karaganda', 'Karagandinskaya', 'Kazakhstan'),
('NQZ', 'Nursultan International Airport', 'Nursultan', 'Akmolinskaya', 'Kazakhstan');

-- --------------------------------------------------------

--
-- Структура таблицы `book`
--

CREATE TABLE `book` (
  `ID` int(11) NOT NULL,
  `time` datetime NOT NULL,
  `date` date NOT NULL,
  `flightno` varchar(10) NOT NULL,
  `username` varchar(45) NOT NULL,
  `classtype` varchar(20) NOT NULL,
  `paid` int(1) DEFAULT 0
) ENGINE=InnoDB DEFAULT CHARSET=latin1;

--
-- Дамп данных таблицы `book`
--

INSERT INTO `book` (`ID`, `time`, `date`, `flightno`, `username`, `classtype`, `paid`) VALUES
(1, '2015-12-01 17:22:00', '2015-12-01', 'AA986', 'song', 'Economy', 0),
(2, '2015-12-01 17:23:00', '2015-12-01', 'AA986', 'song', 'Economy', 1),
(3, '2015-12-01 17:24:00', '2015-12-02', 'AA986', 'abc', 'Economy', 0),
(4, '2015-12-01 17:25:00', '2015-12-01', 'AA986', 'song', 'Business', 1),
(5, '2015-12-01 17:26:00', '2015-12-01', 'AA986', 'abc', 'Business', 1),
(6, '2015-12-01 17:27:00', '2015-12-01', 'AA986', 'abc', 'Business', 1),
(7, '2015-12-01 17:27:00', '2015-12-01', 'AA1512', 'song', 'Economy', 1),
(8, '2015-12-02 04:22:32', '2015-12-02', 'AA986', 'song', 'Economy', 0),
(9, '2015-12-02 04:26:29', '2015-12-02', 'AA120', 'song', 'Economy', 0),
(10, '2015-12-02 04:26:29', '2015-12-02', 'AA100', 'song', 'Economy', 0),
(11, '2015-12-02 04:27:36', '2015-12-02', 'AA1512', 'abc', 'Economy', 0),
(12, '2015-12-02 04:27:36', '2015-12-03', 'AA1512', 'abc', 'Economy', 0),
(13, '2015-12-02 05:55:15', '2015-12-02', 'AA1512', 'abc', 'Economy', 1),
(14, '2015-12-02 05:55:15', '2015-12-03', 'AA1512', 'abc', 'Economy', 1),
(15, '2015-12-02 05:57:27', '2015-12-02', 'AA1512', 'abc', 'Economy', 1),
(16, '2015-12-02 05:57:27', '2015-12-03', 'AA1512', 'abc', 'Economy', 1),
(17, '2015-12-02 05:58:11', '2015-12-02', 'AA1512', 'abc', 'Economy', 1),
(18, '2015-12-02 05:58:11', '2015-12-03', 'AA1512', 'abc', 'Economy', 1),
(19, '2015-12-02 06:05:52', '2015-12-02', 'AA6861', 'song', 'Economy', 0),
(20, '2015-12-02 11:46:57', '2015-12-02', 'AA100', 'song', 'Business', 0),
(21, '2015-12-02 11:56:31', '2015-12-02', 'AA986', 'song', 'Economy', 0),
(22, '2015-12-02 01:24:08', '2015-12-02', 'AA120', 'xianchu', 'Economy', 1),
(23, '2015-12-02 01:24:08', '2015-12-02', 'AA100', 'xianchu', 'Economy', 1),
(24, '2015-12-02 01:24:42', '2015-12-02', 'AA6861', 'xianchu', 'Economy', 1),
(25, '2015-12-02 01:26:46', '2015-12-02', 'AA986', 'xianchu', 'Economy', 1),
(26, '2015-12-02 01:26:46', '2013-12-03', 'AA986', 'xianchu', 'Economy', 1),
(27, '2015-12-02 02:34:02', '2015-12-02', 'AA986', 'song', 'Economy', 0),
(28, '2015-12-02 02:34:02', '2015-12-02', 'AA6927', 'song', 'Economy', 0),
(29, '2015-12-06 06:48:46', '2015-12-06', 'AA986', 'abc', 'Economy', 1),
(30, '2015-12-06 07:26:56', '2015-12-06', 'AA1512', 'qun', 'Economy', 0),
(32, '2015-12-06 07:27:20', '2015-12-06', 'AA6861', 'qun', 'Economy', 0),
(34, '2015-12-06 10:04:30', '2015-12-06', 'AA120', 'abc', 'Economy', 1),
(45, '2015-12-07 01:46:49', '2015-12-06', 'AA986', 'tao', 'Economy', 1),
(54, '2015-12-07 02:12:07', '2015-12-06', 'AA100', 'tao', 'Economy', 1),
(55, '2015-12-07 02:13:40', '2015-12-06', 'AA100', 'tao', 'Economy', 0),
(56, '2015-12-07 12:50:44', '2015-12-06', 'AA180', 'abc', 'Economy', 1),
(60, '2015-12-07 12:57:53', '2015-12-06', 'AA100', 'abc', 'Economy', 0),
(61, '2015-12-07 01:50:05', '2015-12-07', 'AA600', 'eve', 'Economy', 1),
(63, '2015-12-07 01:53:03', '2015-12-07', 'AA100', 'eve', 'Economy', 1),
(66, '2015-12-07 01:55:51', '2015-12-07', 'AA986', 'eve', 'Business', 1),
(67, '2015-12-07 01:55:51', '2015-12-08', 'AA1512', 'eve', 'Business', 1),
(68, '2021-04-17 12:47:09', '2021-04-24', 'AA100', 'dana', 'Economy', 1),
(70, '2021-04-19 12:32:46', '2021-04-20', 'AA600', 'user', 'Economy', 0),
(71, '2021-05-10 04:24:02', '2021-05-11', 'AA600', 'dana', 'Economy', 1),
(72, '2021-05-10 04:24:02', '2021-05-14', 'AA601', 'dana', 'Economy', 1),
(75, '2021-05-11 12:16:38', '2021-05-13', 'AA600', 'dana', 'Economy', 0),
(76, '2021-05-11 12:16:38', '2021-05-16', 'AA601', 'dana', 'Economy', 0),
(77, '2021-05-11 03:52:30', '2021-05-14', 'AA600', 'dana', 'Economy', 0),
(78, '2021-05-11 03:52:30', '2021-05-29', 'AA601', 'dana', 'Economy', 0);

-- --------------------------------------------------------

--
-- Структура таблицы `class`
--

CREATE TABLE `class` (
  `number` varchar(10) NOT NULL,
  `name` varchar(20) NOT NULL,
  `capacity` int(11) NOT NULL,
  `price` float NOT NULL
) ENGINE=InnoDB DEFAULT CHARSET=latin1;

--
-- Дамп данных таблицы `class`
--

INSERT INTO `class` (`number`, `name`, `capacity`, `price`) VALUES
('AA100', 'Business', 5, 500),
('AA100', 'Economy', 200, 180),
('AA120', 'Business', 15, 4000),
('AA120', 'Economy', 100, 1000),
('AA1512', 'Business', 1, 200),
('AA1512', 'Economy', 100, 100),
('AA180', 'Business', 15, 800),
('AA180', 'Economy', 100, 240),
('AA181', 'Business', 10, 200),
('AA181', 'Economy', 100, 100),
('AA600', 'Business', 5, 200),
('AA600', 'Economy', 80, 50),
('AA601', 'Business', 3, 300),
('AA601', 'Economy', 50, 60),
('AA6861', 'Business', 3, 100),
('AA6861', 'Economy', 100, 40),
('AA6927', 'Business', 10, 100),
('AA6927', 'Economy', 200, 40),
('AA80', 'Business', 3, 200),
('AA80', 'Economy', 80, 50),
('AA986', 'Business', 8, 400),
('AA986', 'Economy', 120, 120);

-- --------------------------------------------------------

--
-- Структура таблицы `flight`
--

CREATE TABLE `flight` (
  `number` varchar(20) NOT NULL,
  `airplane_id` varchar(10) NOT NULL,
  `departure` varchar(10) NOT NULL,
  `d_time` time NOT NULL,
  `arrival` varchar(10) NOT NULL,
  `a_time` time NOT NULL
) ENGINE=InnoDB DEFAULT CHARSET=latin1;

--
-- Дамп данных таблицы `flight`
--

INSERT INTO `flight` (`number`, `airplane_id`, `departure`, `d_time`, `arrival`, `a_time`) VALUES
('AA100', '1201', 'KGB', '18:35:00', 'NQZ', '21:00:00'),
('AA120', '1201', 'CIT', '14:35:00', 'KGB', '17:30:00'),
('AA1512', '1170', 'NQZ', '13:40:00', 'CIT', '19:30:00'),
('AA180', '1201', 'CIT', '07:35:00', 'GUW', '10:30:00'),
('AA181', '1170', 'GUW', '19:30:00', 'CIT', '22:00:00'),
('AA600', '1201', 'ALA', '17:00:00', 'NQZ', '21:00:00'),
('AA601', '1201', 'NQZ', '20:00:00', 'ALA', '23:00:00'),
('AA6861', '1201', 'GUW', '11:00:00', 'NQZ', '13:00:00'),
('AA6927', '1201', 'NQZ', '17:00:00', 'GUW', '19:00:00'),
('AA80', '1170', 'KGB', '20:00:00', 'CIT', '23:00:00'),
('AA986', '1170', 'CIT', '10:00:00', 'NQZ', '14:00:00');

-- --------------------------------------------------------

--
-- Структура таблицы `passanger`
--

CREATE TABLE `passanger` (
  `username` varchar(30) NOT NULL,
  `firstname` varchar(45) DEFAULT NULL,
  `middlename` varchar(45) DEFAULT NULL,
  `lastname` varchar(45) DEFAULT NULL,
  `email` varchar(45) DEFAULT NULL,
  `cellphone` varchar(15) DEFAULT NULL,
  `gender` varchar(10) DEFAULT NULL,
  `birthday` date DEFAULT NULL,
  `password` varchar(45) NOT NULL
) ENGINE=InnoDB DEFAULT CHARSET=latin1;

--
-- Дамп данных таблицы `passanger`
--

INSERT INTO `passanger` (`username`, `firstname`, `middlename`, `lastname`, `email`, `cellphone`, `gender`, `birthday`, `password`) VALUES
('', '', '', '', '', '', '', '0000-00-00', ''),
('abc', 'abc', NULL, '', 'abc@utd.edu', NULL, NULL, NULL, 'abcdef123456'),
('dana', 'Dana', 'dana', 'Dana', 'ddddddd@mail.ru', '87075759909', 'Female', '1999-09-09', 'Dana1999'),
('dana123', 'dana', '', 'dana', 'dana@h.com', '87075759909', 'Female', '1999-09-09', 'Dana1999'),
('Dana99', 'Dana', '', 'Dana', 'dana@gmail.com', '87075759909', 'Female', '2021-09-09', 'Dana99'),
('eve', 'eve', '', 'adi', 'eve@utd.edu', '2143456543', '', '0000-00-00', 'Eve123'),
('qun', 'Qun', NULL, 'Niu', 'qun@utd.edu', '', 'Female', NULL, 'Niuqun1'),
('song', 'Song', NULL, 'Tao', 'ts@utd.edu', NULL, 'Male', NULL, 'Songtao1'),
('tao', 's', '', 't', 't@utd.edu', '987654321', '', '2015-12-06', 'Ts123456'),
('user', 'dana', 'dana', 'dana', 'danaauganbekova@gmail.com', '87075759909', 'Female', '1999-09-09', 'Danochka99'),
('web', 'web', '', 'pro', 'web@utd.edu', '9998887777', '', '2015-12-06', 'Web123'),
('xianchu', 'xianchu', NULL, 'chen', 'xian@utd.edu', '', 'Male', NULL, 'Xianchu1');

--
-- Индексы сохранённых таблиц
--

--
-- Индексы таблицы `airplane`
--
ALTER TABLE `airplane`
  ADD PRIMARY KEY (`ID`);

--
-- Индексы таблицы `airport`
--
ALTER TABLE `airport`
  ADD PRIMARY KEY (`code`);

--
-- Индексы таблицы `book`
--
ALTER TABLE `book`
  ADD PRIMARY KEY (`ID`,`flightno`),
  ADD KEY `username_idx` (`username`),
  ADD KEY `classname_idx` (`classtype`),
  ADD KEY `flightno_idx` (`flightno`,`classtype`);

--
-- Индексы таблицы `class`
--
ALTER TABLE `class`
  ADD PRIMARY KEY (`number`,`name`),
  ADD KEY `number_idx` (`number`);

--
-- Индексы таблицы `flight`
--
ALTER TABLE `flight`
  ADD PRIMARY KEY (`number`),
  ADD KEY `code_idx` (`departure`,`arrival`),
  ADD KEY `airplaneid_idx` (`airplane_id`),
  ADD KEY `arrival_idx` (`arrival`);

--
-- Индексы таблицы `passanger`
--
ALTER TABLE `passanger`
  ADD PRIMARY KEY (`username`);

--
-- AUTO_INCREMENT для сохранённых таблиц
--

--
-- AUTO_INCREMENT для таблицы `book`
--
ALTER TABLE `book`
  MODIFY `ID` int(11) NOT NULL AUTO_INCREMENT, AUTO_INCREMENT=79;

--
-- Ограничения внешнего ключа сохраненных таблиц
--

--
-- Ограничения внешнего ключа таблицы `book`
--
ALTER TABLE `book`
  ADD CONSTRAINT `flightno` FOREIGN KEY (`flightno`,`classtype`) REFERENCES `class` (`number`, `name`) ON DELETE CASCADE ON UPDATE CASCADE,
  ADD CONSTRAINT `username` FOREIGN KEY (`username`) REFERENCES `passanger` (`username`) ON DELETE NO ACTION ON UPDATE NO ACTION;

--
-- Ограничения внешнего ключа таблицы `class`
--
ALTER TABLE `class`
  ADD CONSTRAINT `number` FOREIGN KEY (`number`) REFERENCES `flight` (`number`) ON DELETE CASCADE ON UPDATE CASCADE;

--
-- Ограничения внешнего ключа таблицы `flight`
--
ALTER TABLE `flight`
  ADD CONSTRAINT `airplaneid` FOREIGN KEY (`airplane_id`) REFERENCES `airplane` (`ID`) ON DELETE CASCADE ON UPDATE CASCADE,
  ADD CONSTRAINT `arrival` FOREIGN KEY (`arrival`) REFERENCES `airport` (`code`) ON DELETE CASCADE ON UPDATE CASCADE,
  ADD CONSTRAINT `departure` FOREIGN KEY (`departure`) REFERENCES `airport` (`code`) ON DELETE CASCADE ON UPDATE CASCADE;
COMMIT;

/*!40101 SET CHARACTER_SET_CLIENT=@OLD_CHARACTER_SET_CLIENT */;
/*!40101 SET CHARACTER_SET_RESULTS=@OLD_CHARACTER_SET_RESULTS */;
/*!40101 SET COLLATION_CONNECTION=@OLD_COLLATION_CONNECTION */;
